{
  "metadata": {
    "initial_capital": 10000,
    "monthly_contribution": 1000,
    "leverage": 3,
    "maintenance_margin_ratio": 0.05
  },
  "p10": {
    "with_dca": {
      "final_capital": 144666.44393335478,
      "total_invested": 70000,
      "absolute_return": 74666.44393335478,
      "total_return_pct": 106.66634847622109,
      "cagr": 98.09142320511684,
      "annual_volatility": 59.360862766086456,
      "sharpe_ratio": 1.424703426860172,
      "sortino_ratio": 1.841730029432317,
      "max_drawdown_equity": -53.03726342335673,
      "avg_drawdown": -10.394240073193965,
      "max_drawdown_exposure": -21.87562491515701,
      "margin_ratio_at_max_dd": 25.142429553705693,
      "leverage_eff_at_max_dd": 3.9773403674610757,
      "longest_drawdown_days": 160,
      "recovery_days": 26,
      "calmar_ratio": 1.8494812302461106,
      "underwater_days": 1,
      "underwater_pct": 0.10141987829614604,
      "win_rate": 55.93908629441624,
      "best_day": 24.835448965320616,
      "worst_day": -39.37034146549954,
      "min_margin_buffer_pct": 20.070643684020407,
      "min_margin_ratio": 25.070643684020403,
      "survival_days": 986,
      "margin_call_occurred": false,
      "min_drawdown_to_margin_call": 80.05635570024509
    },
    "without_dca": {
      "final_capital": 26174.67521554997,
      "total_invested": 10000.0,
      "absolute_return": 16174.67521554997,
      "total_return_pct": 161.7467521554997,
      "cagr": 27.911541856597566,
      "annual_volatility": 39.43314701030806,
      "sharpe_ratio": 0.7709237738960159,
      "sortino_ratio": 1.092505832996039,
      "max_drawdown_equity": -49.30953308296437,
      "avg_drawdown": -16.4064930327803,
      "max_drawdown_exposure": -30.682385901075783,
      "margin_ratio_at_max_dd": 45.5030935457312,
      "leverage_eff_at_max_dd": 2.1976527793544123,
      "longest_drawdown_days": 387,
      "recovery_days": 181,
      "calmar_ratio": 0.5660475796766476,
      "underwater_days": 1,
      "underwater_pct": 0.10141987829614604,
      "win_rate": 54.72081218274112,
      "best_day": 14.630287032497996,
      "worst_day": -13.191429228831034,
      "min_margin_buffer_pct": 23.34848068913705,
      "min_margin_ratio": 28.34848068913705,
      "survival_days": 986,
      "margin_call_occurred": false,
      "min_drawdown_to_margin_call": 82.36237047470425
    }
  },
  "p50": {
    "with_dca": {
      "final_capital": 171027.80674843673,
      "total_invested": 70000,
      "absolute_return": 101027.80674843673,
      "total_return_pct": 144.32543821205246,
      "cagr": 106.75917321652406,
      "annual_volatility": 49.80421254086027,
      "sharpe_ratio": 1.6795242194862887,
      "sortino_ratio": 2.034011479605296,
      "max_drawdown_equity": -53.8259396388289,
      "avg_drawdown": -9.504356732986082,
      "max_drawdown_exposure": -22.418390734000013,
      "margin_ratio_at_max_dd": 24.893140195704337,
      "leverage_eff_at_max_dd": 4.017170964121932,
      "longest_drawdown_days": 234,
      "recovery_days": 11,
      "calmar_ratio": 1.9834149470102376,
      "underwater_days": 1,
      "underwater_pct": 0.10141987829614604,
      "win_rate": 57.868020304568525,
      "best_day": 25.084160581435178,
      "worst_day": -39.60844696902805,
      "min_margin_buffer_pct": 19.89314019570434,
      "min_margin_ratio": 24.893140195704337,
      "survival_days": 986,
      "margin_call_occurred": false,
      "min_drawdown_to_margin_call": 79.91414517939035
    },
    "without_dca": {
      "final_capital": 45736.524359347066,
      "total_invested": 10000.0,
      "absolute_return": 35736.524359347066,
      "total_return_pct": 357.3652435934706,
      "cagr": 47.42727140568035,
      "annual_volatility": 58.673056326951986,
      "sharpe_ratio": 0.938286101831806,
      "sortino_ratio": 1.1550816555170078,
      "max_drawdown_equity": -61.178453179193305,
      "avg_drawdown": -22.349015392156506,
      "max_drawdown_exposure": -41.18680398652834,
      "margin_ratio_at_max_dd": 44.438322447784486,
      "leverage_eff_at_max_dd": 2.2503099687775365,
      "longest_drawdown_days": 471,
      "recovery_days": 262,
      "calmar_ratio": 0.7752283515041581,
      "underwater_days": 1,
      "underwater_pct": 0.10121457489878542,
      "win_rate": 53.799392097264445,
      "best_day": 32.27044971143271,
      "worst_day": -47.20204447694945,
      "min_margin_buffer_pct": 14.281861491598624,
      "min_margin_ratio": 19.281861491598626,
      "survival_days": 988,
      "margin_call_occurred": false,
      "min_drawdown_to_margin_call": 74.06889370002699
    }
  },
  "p90": {
    "with_dca": {
      "final_capital": 178944.05957789597,
      "total_invested": 70000,
      "absolute_return": 108944.05957789597,
      "total_return_pct": 155.63437082556567,
      "cagr": 109.32342947833926,
      "annual_volatility": 41.22867559099838,
      "sharpe_ratio": 1.9505979693018307,
      "sortino_ratio": 3.002081746272872,
      "max_drawdown_equity": -42.140263722144574,
      "avg_drawdown": -9.322925471691242,
      "max_drawdown_exposure": -15.118082428149213,
      "margin_ratio_at_max_dd": 28.732339254491933,
      "leverage_eff_at_max_dd": 3.4803988326278126,
      "longest_drawdown_days": 238,
      "recovery_days": 71,
      "calmar_ratio": 2.5942749243140155,
      "underwater_days": 25,
      "underwater_pct": 2.5380710659898478,
      "win_rate": 57.3170731707317,
      "best_day": 12.06555706050497,
      "worst_day": -11.357856545093323,
      "min_margin_buffer_pct": 23.732339254491936,
      "min_margin_ratio": 28.732339254491933,
      "survival_days": 985,
      "margin_call_occurred": false,
      "min_drawdown_to_margin_call": 82.59800583686093
    },
    "without_dca": {
      "final_capital": 66170.18846534721,
      "total_invested": 10000.0,
      "absolute_return": 56170.18846534721,
      "total_return_pct": 561.701884653472,
      "cagr": 62.24436863934459,
      "annual_volatility": 48.3958027436162,
      "sharpe_ratio": 1.2060499479423819,
      "sortino_ratio": 1.5550325665654812,
      "max_drawdown_equity": -56.357556637308605,
      "avg_drawdown": -20.9154465590856,
      "max_drawdown_exposure": -35.690150154450116,
      "margin_ratio_at_max_dd": 42.97617706945074,
      "leverage_eff_at_max_dd": 2.326870531978615,
      "longest_drawdown_days": 571,
      "recovery_days": 365,
      "calmar_ratio": 1.1044547058688299,
      "underwater_days": 1,
      "underwater_pct": 0.10152284263959391,
      "win_rate": 56.30081300813008,
      "best_day": 17.787508136123968,
      "worst_day": -30.660683910207272,
      "min_margin_buffer_pct": 26.74138878281209,
      "min_margin_ratio": 31.74138878281209,
      "survival_days": 985,
      "margin_call_occurred": false,
      "min_drawdown_to_margin_call": 84.24769617293025
    }
  }
}