{
  "metadata": {
    "initial_capital": 10000,
    "monthly_contribution": 1000,
    "leverage": 3,
    "maintenance_margin_ratio": 0.05,
    "critical_margin_ratio": 0.1
  },
  "p10": {
    "with_dca": {
      "final_capital": 144666.44393335478,
      "total_invested": 70000,
      "absolute_return": 74666.44393335478,
      "total_return_pct": 106.66634847622109,
      "cagr": 98.09142320511684,
      "annual_volatility": 59.360862766086456,
      "sharpe_ratio": 1.424703426860172,
      "sortino_ratio": 1.841730029432317,
      "max_drawdown": -53.03726342335673,
      "avg_drawdown": -10.394240073193965,
      "longest_drawdown_days": 160,
      "recovery_days": 26,
      "calmar_ratio": 1.8494812302461106,
      "underwater_days": 1,
      "underwater_pct": 0.10141987829614604,
      "win_rate": 55.93908629441624,
      "best_day": 24.835448965320616,
      "worst_day": -39.37034146549954,
      "min_margin_buffer_pct": 20.070643684020407,
      "min_margin_ratio": 25.070643684020403,
      "days_under_critical_margin": 0,
      "time_under_critical_margin_pct": 0.0,
      "survival_days": 986,
      "margin_call_occurred": false,
      "min_drawdown_to_margin_call": 80.05635570024509
    },
    "without_dca": {
      "final_capital": 26116.5470572981,
      "total_invested": 10000.0,
      "absolute_return": 16116.5470572981,
      "total_return_pct": 161.16547057298098,
      "cagr": 28.1286592121496,
      "annual_volatility": 38.854983639728644,
      "sharpe_ratio": 0.7810445766785074,
      "sortino_ratio": 1.1208892693980932,
      "max_drawdown": -45.966827578983235,
      "avg_drawdown": -14.65590427284039,
      "longest_drawdown_days": 338,
      "recovery_days": 132,
      "calmar_ratio": 0.6119338813151088,
      "underwater_days": 163,
      "underwater_pct": 16.68372569089048,
      "win_rate": 54.815573770491795,
      "best_day": 13.049986276266981,
      "worst_day": -12.538217702277219,
      "min_margin_buffer_pct": 22.71763477578507,
      "min_margin_ratio": 27.717634775785065,
      "days_under_critical_margin": 0,
      "time_under_critical_margin_pct": 0.0,
      "survival_days": 977,
      "margin_call_occurred": false,
      "min_drawdown_to_margin_call": 81.96094277002256
    }
  },
  "p50": {
    "with_dca": {
      "final_capital": 171027.80674843673,
      "total_invested": 70000,
      "absolute_return": 101027.80674843673,
      "total_return_pct": 144.32543821205246,
      "cagr": 106.75917321652406,
      "annual_volatility": 49.80421254086027,
      "sharpe_ratio": 1.6795242194862887,
      "sortino_ratio": 2.034011479605296,
      "max_drawdown": -53.8259396388289,
      "avg_drawdown": -9.504356732986082,
      "longest_drawdown_days": 234,
      "recovery_days": 11,
      "calmar_ratio": 1.9834149470102376,
      "underwater_days": 1,
      "underwater_pct": 0.10141987829614604,
      "win_rate": 57.868020304568525,
      "best_day": 25.084160581435178,
      "worst_day": -39.60844696902805,
      "min_margin_buffer_pct": 19.89314019570434,
      "min_margin_ratio": 24.893140195704337,
      "days_under_critical_margin": 0,
      "time_under_critical_margin_pct": 0.0,
      "survival_days": 986,
      "margin_call_occurred": false,
      "min_drawdown_to_margin_call": 79.91414517939035
    },
    "without_dca": {
      "final_capital": 38935.78711952837,
      "total_invested": 10000.0,
      "absolute_return": 28935.787119528373,
      "total_return_pct": 289.35787119528374,
      "cagr": 41.5902795440829,
      "annual_volatility": 45.74574271854671,
      "sharpe_ratio": 0.9498239039802043,
      "sortino_ratio": 1.2090882030316623,
      "max_drawdown": -55.43352233714557,
      "avg_drawdown": -21.417695185724693,
      "longest_drawdown_days": 467,
      "recovery_days": 263,
      "calmar_ratio": 0.750273080089186,
      "underwater_days": 1,
      "underwater_pct": 0.10141987829614604,
      "win_rate": 54.82233502538071,
      "best_day": 17.856681588350494,
      "worst_day": -28.982372540212616,
      "min_margin_buffer_pct": 27.68496120109655,
      "min_margin_ratio": 32.68496120109655,
      "days_under_critical_margin": 0,
      "time_under_critical_margin_pct": 0.0,
      "survival_days": 986,
      "margin_call_occurred": false,
      "min_drawdown_to_margin_call": 84.70244474442804
    }
  },
  "p90": {
    "with_dca": {
      "final_capital": 178944.05957789597,
      "total_invested": 70000,
      "absolute_return": 108944.05957789597,
      "total_return_pct": 155.63437082556567,
      "cagr": 109.32342947833926,
      "annual_volatility": 41.22867559099838,
      "sharpe_ratio": 1.9505979693018307,
      "sortino_ratio": 3.002081746272872,
      "max_drawdown": -42.140263722144574,
      "avg_drawdown": -9.322925471691242,
      "longest_drawdown_days": 238,
      "recovery_days": 71,
      "calmar_ratio": 2.5942749243140155,
      "underwater_days": 25,
      "underwater_pct": 2.5380710659898478,
      "win_rate": 57.3170731707317,
      "best_day": 12.06555706050497,
      "worst_day": -11.357856545093323,
      "min_margin_buffer_pct": 23.732339254491936,
      "min_margin_ratio": 28.732339254491933,
      "days_under_critical_margin": 0,
      "time_under_critical_margin_pct": 0.0,
      "survival_days": 985,
      "margin_call_occurred": false,
      "min_drawdown_to_margin_call": 82.59800583686093
    },
    "without_dca": {
      "final_capital": 66170.18846534721,
      "total_invested": 10000.0,
      "absolute_return": 56170.18846534721,
      "total_return_pct": 561.701884653472,
      "cagr": 62.24436863934459,
      "annual_volatility": 48.3958027436162,
      "sharpe_ratio": 1.2060499479423819,
      "sortino_ratio": 1.5550325665654812,
      "max_drawdown": -56.357556637308605,
      "avg_drawdown": -20.9154465590856,
      "longest_drawdown_days": 571,
      "recovery_days": 365,
      "calmar_ratio": 1.1044547058688299,
      "underwater_days": 1,
      "underwater_pct": 0.10152284263959391,
      "win_rate": 56.30081300813008,
      "best_day": 17.787508136123968,
      "worst_day": -30.660683910207272,
      "min_margin_buffer_pct": 26.74138878281209,
      "min_margin_ratio": 31.74138878281209,
      "days_under_critical_margin": 0,
      "time_under_critical_margin_pct": 0.0,
      "survival_days": 985,
      "margin_call_occurred": false,
      "min_drawdown_to_margin_call": 84.24769617293025
    }
  }
}